model,subset,n,MAE,RMSE,Bias_pred_minus_exp,CCC,R2_not_reported,Experimental_logP_mean,Experimental_logP_std_ddof1,Predicted_logP_mean,Predicted_logP_std_ddof1,Residual_min,Residual_max,Abs_error_median
XGB_ECFP+PhysChem,EXT-A + EXT-B,19,0.364996658275002,0.4326818233433233,0.2861391535809165,0.5018984830367196,-0.0299445980509827,1.5601052631578949,0.4380283977015445,1.8462444167388112,0.3374293405341754,-0.4018867511749269,0.8346559810638428,0.2992753553390503
