model,subset,n,MAE,RMSE,Bias_pred_minus_exp,CCC,R2_not_reported,Experimental_logP_mean,Experimental_logP_std_ddof1,Predicted_logP_mean,Predicted_logP_std_ddof1,Residual_min,Residual_max,Abs_error_median
XGB_ECFP+PhysChem,EXT_A+EXT_B,19,0.364996658275002,0.43268182334332334,0.28613915358091657,0.5018984830367196,-0.029944598050982707,1.5601052631578947,0.43802839770154456,1.8462444167388112,0.3374293405341754,-0.4018867511749269,0.8346559810638428,0.29927535533905036
