set,method,n,RMSE,MAE,CCC
EXT_A+EXT_B,Hybrid-XGB (ECFP2048 r=2 + PhysChem),19,0.43268182334332334,0.364996658275002,0.49607686302340454
EXT_A+EXT_B,SwissADME_Consensus,19,1.4321114334767169,1.346736842105263,0.13332115160203614
EXT_A+EXT_B,SwissADME_iLOGP,19,3.2448641200972865,2.9590526315789476,0.12220237998299395
EXT_A+EXT_B,SwissADME_XLOGP3,19,3.321915744043836,3.1888421052631575,0.0011187316197281353
