model,set_role,n,RMSE,MAE,R2,CCC
XGB_ECFP+PhysChem,EXT_A,9,0.41475970348380653,0.34553495279947927,-0.1398534397435156,0.43156180920808523
KRR_Tanimoto_ECFP,EXT_A,9,0.520315016618714,0.3733992929161867,-0.7938603210120265,-0.0258793714658675
Ridge_PhysChem,EXT_A,9,0.5263934061896889,0.4761959330140195,-0.8360173652461089,0.14127504367446417
KRR_Tanimoto_ECFP,EXT_B,10,0.42212110375768647,0.2647807879900773,-0.5177061193803694,0.11176799960255837
XGB_ECFP+PhysChem,EXT_B,10,0.4481994132165479,0.3825121932029725,-0.711024082863772,0.3983800924352538
Ridge_PhysChem,EXT_B,10,1.7949285676108109,1.7746882409705695,-26.441503006562897,0.026517035071146226
XGB_ECFP+PhysChem,OOD,7,0.706439868315197,0.5310348592485701,0.6554384748415623,0.7951669447624556
Ridge_PhysChem,OOD,7,0.791810801209894,0.7155825326599785,0.5671282710534464,0.7798954360552657
KRR_Tanimoto_ECFP,OOD,7,1.328278318863232,1.1322898073174887,-0.21813254642394608,0.3890864815852815
